5/2/14,1.88114
5/5/14,1.88466
5/6/14,1.86772
5/7/14,1.87821
5/8/14,1.87563
5/9/14,1.87848
5/12/14,1.89665
5/13/14,1.89745
5/14/14,1.88853
5/15/14,1.87085
5/16/14,1.87786
5/19/14,1.88508
5/20/14,1.87283
5/21/14,1.88803
5/22/14,1.89249
5/23/14,1.90053
5/27/14,1.91191
5/28/14,1.90978
5/29/14,1.92003
5/30/14,1.92357
6/2/14,1.92497
6/3/14,1.92424
6/4/14,1.92788
6/5/14,1.94046
6/6/14,1.94944
6/9/14,1.95127
6/10/14,1.95079
6/11/14,1.94389
6/12/14,1.93011
6/13/14,1.93616
6/16/14,1.93778
6/17/14,1.94199
6/18/14,1.95698
6/19/14,1.95948
6/20/14,1.96287
6/23/14,1.96261
6/24/14,1.94998
6/25/14,1.95953
6/26/14,1.95722
6/27/14,1.96096
6/30/14,1.96023
7/1/14,1.97332
7/2/14,1.97462
7/3/14,1.98544
7/7/14,1.97765
7/8/14,1.96371
7/9/14,1.97283
7/10/14,1.96468
7/11/14,1.96757
7/14/14,1.9771
7/15/14,1.97328
7/16/14,1.98157
7/17/14,1.95812
7/18/14,1.97822
7/21/14,1.97363
7/22/14,1.98353
7/23/14,1.98701
7/24/14,1.98798
7/25/14,1.97834
7/28/14,1.97891
7/29/14,1.96995
7/30/14,1.97007
7/31/14,1.93067
8/1/14,1.92515
8/4/14,1.93899
8/5/14,1.92021
8/6/14,1.92024
8/7/14,1.90957
8/8/14,1.93159
8/11/14,1.93692
8/12/14,1.93375
8/13/14,1.94672
8/14/14,1.95518
8/15/14,1.95506
8/18/14,1.97174
8/19/14,1.9816
8/20/14,1.98651
8/21/14,1.99237
8/22/14,1.9884
8/25/14,1.99792
8/26/14,2.00002
8/27/14,2.00012
8/28/14,1.99674
8/29/14,2.00337
9/2/14,2.00228
9/3/14,2.00072
9/4/14,1.99765
9/5/14,2.00771
9/8/14,2.00154
9/9/14,1.98844
9/10/14,1.99569
9/11/14,1.99745
9/12/14,1.98554
9/15/14,1.98413
9/16/14,1.99898
9/17/14,2.00157
9/18/14,2.01136
9/19/14,2.0104
9/22/14,1.99429
9/23/14,1.98277
9/24/14,1.9983
9/25/14,1.96599
9/26/14,1.98285
9/29/14,1.9778
9/30/14,1.97229
10/1/14,1.94616
10/2/14,1.94617
10/3/14,1.9679
10/6/14,1.96482
10/7/14,1.9351
10/8/14,1.96889
10/9/14,1.92821
10/10/14,1.90613
10/13/14,1.87474
10/14/14,1.8777
10/15/14,1.86249
10/16/14,1.86276
10/17/14,1.88676
10/20/14,1.90401
10/21/14,1.94128
10/22/14,1.92711
10/23/14,1.95082
10/24/14,1.96458
10/27/14,1.96163
10/28/14,1.98505
10/29/14,1.9823
10/30/14,1.99465
10/31/14,2.01805
11/3/14,2.01781
11/4/14,2.0121
11/5/14,2.02357
11/6/14,2.03121
11/7/14,2.03192
11/10/14,2.03826
11/11/14,2.03968
11/12/14,2.03825
11/13/14,2.03933
11/14/14,2.03982
11/17/14,2.04132
11/18/14,2.0518
11/19/14,2.04872
11/20/14,2.05275
11/21/14,2.0635
11/24/14,2.06941
11/25/14,2.06703
11/26/14,2.07283
11/28/14,2.06756
12/1/14,2.05344
12/2/14,2.06655
12/3/14,2.07433
12/4/14,2.07192
12/5/14,2.07537
12/8/14,2.06031
12/9/14,2.05982
12/10/14,2.02614
12/11/14,2.03533
12/12/14,2.00233
12/15/14,1.98963
12/16/14,1.97274
12/17/14,2.01289
12/18/14,2.06123
12/19/14,2.07065
12/22/14,2.07854
12/23/14,2.08217
12/24/14,2.08188
12/26/14,2.08877
12/29/14,2.09057
12/30/14,2.08035
12/31/14,2.0589
1/2/15,2.0582
1/5/15,2.02058
1/6/15,2.00261
1/7/15,2.0259
1/8/15,2.06214
1/9/15,2.04481
1/12/15,2.02826
1/13/15,2.02303
1/14/15,2.01127
1/15/15,1.99267
1/16/15,2.01942
1/20/15,2.02255
1/21/15,2.03212
1/22/15,2.06315
1/23/15,2.05182
1/26/15,2.05709
1/27/15,2.02955
1/28/15,2.00216
1/29/15,2.02125
1/30/15,1.99499
2/2/15,2.02085
2/3/15,2.05003
2/4/15,2.04151
2/5/15,2.06252
2/6/15,2.05547
2/9/15,2.04674
2/10/15,2.06859
2/11/15,2.06853
2/12/15,2.08848
2/13/15,2.09699
2/17/15,2.10034
2/18/15,2.09968
2/19/15,2.09745
2/20/15,2.1103
2/23/15,2.10966
2/24/15,2.11548
2/25/15,2.11386
2/26/15,2.11074
2/27/15,2.1045
3/2/15,2.11739
3/3/15,2.10778
3/4/15,2.09853
3/5/15,2.10104
3/6/15,2.07126
3/9/15,2.07943
3/10/15,2.04416
3/11/15,2.04024
3/12/15,2.06595
3/13/15,2.0534
3/16/15,2.08119
3/17/15,2.07428
3/18/15,2.0995
3/19/15,2.08927
3/20/15,2.1081
3/23/15,2.10442
3/24/15,2.0915
3/25/15,2.06105
3/26/15,2.05615
3/27/15,2.06102
3/30/15,2.08624
3/31/15,2.06789
4/1/15,2.05969
4/2/15,2.06696
4/6/15,2.08062
4/7/15,2.07633
4/8/15,2.0819
4/9/15,2.09118
4/10/15,2.10206
4/13/15,2.09243
4/14/15,2.09584
4/15/15,2.10663
4/16/15,2.10499
4/17/15,2.08118
4/20/15,2.1004
4/21/15,2.09729
4/22/15,2.10796
4/23/15,2.11293
4/24/15,2.11769
4/27/15,2.10892
4/28/15,2.11476
4/29/15,2.10685
4/30/15,2.08551
5/1/15,2.10829
5/4/15,2.11449
5/5/15,2.08946
5/6/15,2.08015
5/7/15,2.088
5/8/15,2.1161
5/11/15,2.10533
5/12/15,2.09912
5/13/15,2.09848
5/14/15,2.1211
5/15/15,2.12273
5/18/15,2.1292
5/19/15,2.12783
5/20/15,2.12585
5/21/15,2.13082
5/22/15,2.12606
5/26/15,2.1042
5/27/15,2.12348
5/28/15,2.12079
5/29/15,2.10739
6/1/15,2.11173
6/2/15,2.1096
6/3/15,2.11407
6/4/15,2.09584
6/5/15,2.09283
6/8/15,2.07928
6/9/15,2.08015
6/10/15,2.1052
6/11/15,2.10886
6/12/15,2.09411
6/15/15,2.08443
6/16/15,2.09629
6/17/15,2.10044
6/18/15,2.12124
6/19/15,2.10999
6/22/15,2.12285
6/23/15,2.1242
6/24/15,2.10858
6/25/15,2.10231
6/26/15,2.10149
6/29/15,2.05764
6/30/15,2.06311
7/1/15,2.07742
7/2/15,2.07678
7/6/15,2.06876
7/7/15,2.08134
7/8/15,2.04668
7/9/15,2.05131
7/10/15,2.07662
7/13/15,2.0996
7/14/15,2.10895
7/15/15,2.1074
7/16/15,2.12429
7/17/15,2.12664
7/20/15,2.12828
7/21/15,2.11921
7/22/15,2.11415
7/23/15,2.10215
7/24/15,2.07965
7/27/15,2.06764
7/28/15,2.09325
7/29/15,2.10857
7/30/15,2.10863
7/31/15,2.10384
8/3/15,2.09804
8/4/15,2.09332
8/5/15,2.09984
8/6/15,2.08356
8/7/15,2.07757
8/10/15,2.10418
8/11/15,2.08407
8/12/15,2.08605
8/13/15,2.08339
8/14/15,2.09154
8/17/15,2.10244
8/18/15,2.09692
8/19/15,2.07961
8/20/15,2.03573
8/21/15,1.97089
8/24/15,1.89321
8/25/15,1.86761
8/26/15,1.94051
8/27/15,1.98766
8/28/15,1.98887
8/31/15,1.97218
9/1/15,1.91385
9/2/15,1.94886
9/3/15,1.95113
9/4/15,1.92122
9/8/15,1.96941
9/9/15,1.94204
9/10/15,1.95229
9/11/15,1.96105
9/14/15,1.95303
9/15/15,1.97809
9/16/15,1.99531
9/17/15,1.9902
9/18/15,1.95803
9/21/15,1.96697
9/22/15,1.94274
9/23/15,1.93876
9/24/15,1.93224
9/25/15,1.93134
9/28/15,1.88177
9/29/15,1.88409
9/30/15,1.92003
10/1/15,1.92382
10/2/15,1.95136
10/5/15,1.98705
10/6/15,1.97992
10/7/15,1.99583
10/8/15,2.01343
10/9/15,2.01489
10/12/15,2.01746
10/13/15,2.00369
10/14/15,1.99424
10/15/15,2.02386
10/16/15,2.03311
10/19/15,2.03366
10/20/15,2.03077
10/21/15,2.01894
10/22/15,2.05251
10/23/15,2.07515
10/26/15,2.07118
10/27/15,2.06589
10/28/15,2.09035
10/29/15,2.08941
10/30/15,2.07936
11/2/15,2.10405
11/3/15,2.10979
11/4/15,2.10231
11/5/15,2.09993
11/6/15,2.0992
11/9/15,2.07858
11/10/15,2.08172
11/11/15,2.075
11/12/15,2.04597
11/13/15,2.02304
11/16/15,2.05319
11/17/15,2.05044
11/18/15,2.08358
11/19/15,2.08124
11/20/15,2.08917
11/23/15,2.08659
11/24/15,2.08914
11/25/15,2.08887
11/27/15,2.09011
11/30/15,2.08041
12/1/15,2.10263
12/2/15,2.07951
12/3/15,2.04962
12/4/15,2.09169
12/7/15,2.07707
12/8/15,2.06359
12/9/15,2.04762
12/10/15,2.05223
12/11/15,2.01237
12/14/15,2.02194
12/15/15,2.04341
12/16/15,2.07307
12/17/15,2.04189
12/18/15,2.00555
12/21/15,2.02115
12/22/15,2.03897
12/23/15,2.06429
12/24/15,2.06099
12/28/15,2.0565
12/29/15,2.07836
12/30/15,2.06336
12/31/15,2.04394
1/4/16,2.01266
1/5/16,2.01671
1/6/16,1.99026
1/7/16,1.94309
1/8/16,1.92203
1/11/16,1.92367
1/12/16,1.93868
1/13/16,1.89028
1/14/16,1.92184
1/15/16,1.88033
1/19/16,1.88133
1/20/16,1.85933
1/21/16,1.86899
1/22/16,1.9069
1/25/16,1.87708
1/26/16,1.90363
1/27/16,1.88295
1/28/16,1.89336
1/29/16,1.94024
2/1/16,1.93938
2/2/16,1.90303
2/3/16,1.91253
2/4/16,1.91545
2/5/16,1.88005
2/8/16,1.85344
2/9/16,1.85221
2/10/16,1.85186
2/11/16,1.82908
2/12/16,1.86478
2/16/16,1.89558
2/17/16,1.92682
2/18/16,1.91783
2/19/16,1.91778
2/22/16,1.9455
2/23/16,1.92127
2/24/16,1.9298
2/25/16,1.9517
2/26/16,1.94805
2/29/16,1.93223
3/1/16,1.97835
3/2/16,1.98645
3/3/16,1.9934
3/4/16,1.99999
3/7/16,2.00176
3/8/16,1.97926
3/9/16,1.98926
3/10/16,1.98957
3/11/16,2.02219
3/14/16,2.01964
3/15/16,2.01593
3/16/16,2.02722
3/17/16,2.04059
3/18/16,2.04958
3/21/16,2.0516
3/22/16,2.0498
3/23/16,2.03671
3/24/16,2.03594
3/28/16,2.03705
3/29/16,2.05501
3/30/16,2.06395
3/31/16,2.05974
4/1/16,2.07278
4/4/16,2.06613
4/5/16,2.04517
4/6/16,2.06666
4/7/16,2.04191
4/8/16,2.0476
4/11/16,2.04199
4/12/16,2.06172
4/13/16,2.08242
4/14/16,2.08278
4/15/16,2.08073
4/18/16,2.09434
4/19/16,2.1008
4/20/16,2.1024
4/21/16,2.09148
4/22/16,2.09158
4/25/16,2.08779
4/26/16,2.0917
4/27/16,2.09515
4/28/16,2.07581
4/29/16,2.0653
5/2/16,2.08143
5/3/16,2.06337
5/4/16,2.05112
5/5/16,2.05063
5/6/16,2.05714
5/9/16,2.05869
5/10/16,2.08439
5/11/16,2.06446
5/12/16,2.06411
5/13/16,2.04661
5/16/16,2.06666
5/17/16,2.04721
5/18/16,2.04763
5/19/16,2.04004
5/20/16,2.05232
5/23/16,2.04804
5/24/16,2.07606
5/25/16,2.09054
5/26/16,2.0901
5/27/16,2.09906
5/31/16,2.09696
6/1/16,2.09933
6/2/16,2.10526
6/3/16,2.09913
6/6/16,2.10941
6/7/16,2.11213
6/8/16,2.11912
6/9/16,2.11548
6/10/16,2.09607
6/13/16,2.07906
6/14/16,2.07532
6/15/16,2.0715
6/16/16,2.07799
6/17/16,2.07122
6/20/16,2.08325
6/21/16,2.0889
6/22/16,2.08545
6/23/16,2.11332
6/24/16,2.03741
6/27/16,2.00054
6/28/16,2.03609
6/29/16,2.07077
6/30/16,2.09886
7/1/16,2.10295
7/5/16,2.08855
7/6/16,2.09973
7/7/16,2.0979
7/8/16,2.1299
7/11/16,2.13716
7/12/16,2.15214
7/13/16,2.15243
7/14/16,2.16375
7/15/16,2.16174
7/18/16,2.16689
7/19/16,2.16378
7/20/16,2.17302
7/21/16,2.16517
7/22/16,2.17503
7/25/16,2.16848
7/26/16,2.16918
7/27/16,2.16658
7/28/16,2.17006
7/29/16,2.1736
8/1/16,2.17084
8/2/16,2.15703
8/3/16,2.16379
8/4/16,2.16425
8/5/16,2.18287
8/8/16,2.18089
8/9/16,2.18174
8/10/16,2.17549
8/11/16,2.18579
8/12/16,2.18405
8/15/16,2.19015
8/16/16,2.17815
8/17/16,2.18222
8/18/16,2.18702
8/19/16,2.18387
8/22/16,2.18264
8/23/16,2.1869
8/24/16,2.17544
8/25/16,2.17247
8/26/16,2.16904
8/29/16,2.18038
8/30/16,2.17612
8/31/16,2.17095
9/1/16,2.17086
9/2/16,2.17998
9/6/16,2.18648
9/7/16,2.18616
9/8/16,2.1813
9/9/16,2.12781
9/12/16,2.15904
9/13/16,2.12702
9/14/16,2.12577
9/15/16,2.14726
9/16/16,2.13916
9/19/16,2.13912
9/20/16,2.13976
9/21/16,2.16312
9/22/16,2.17718
9/23/16,2.16469
9/26/16,2.1461
9/27/16,2.15993
9/28/16,2.17137
9/29/16,2.15113
9/30/16,2.16827
10/3/16,2.1612
10/4/16,2.15049
10/5/16,2.15973
10/6/16,2.16077
10/7/16,2.15374
10/10/16,2.16366
10/11/16,2.13673
10/12/16,2.13918
10/13/16,2.13255
10/14/16,2.13298
10/17/16,2.1265
10/18/16,2.1396
10/19/16,2.14429
10/20/16,2.14134
10/21/16,2.14116
10/24/16,2.15133
10/25/16,2.14316
10/26/16,2.13943
10/27/16,2.13304
10/28/16,2.12641
10/31/16,2.12615
11/1/16,2.11172
11/2/16,2.09794
11/3/16,2.08866
11/4/16,2.08518
11/7/16,2.13152
11/8/16,2.13956
11/9/16,2.16326
11/10/16,2.16748
11/11/16,2.16445
11/14/16,2.1642
11/15/16,2.18039
11/16/16,2.17694
11/17/16,2.18712
11/18/16,2.1819
11/21/16,2.19818
11/22/16,2.20294
11/23/16,2.20472
11/25/16,2.21335
11/28/16,2.20172
11/29/16,2.20466
11/30/16,2.19881
12/1/16,2.19108
12/2/16,2.19195
12/5/16,2.20471
12/6/16,2.21223
12/7/16,2.24135
12/8/16,2.24619
12/9/16,2.25953
12/12/16,2.25696
12/13/16,2.27172
12/14/16,2.25328
12/15/16,2.26203
12/16/16,2.25807
12/19/16,2.26253
12/20/16,2.27076
12/21/16,2.26518
12/22/16,2.26096
12/23/16,2.26379
12/27/16,2.26888
12/28/16,2.24992
12/29/16,2.24926
12/30/16,2.23883
1/3/17,2.25783
1/4/17,2.27075
1/5/17,2.269
1/6/17,2.27698
1/9/17,2.2689
1/10/17,2.2689
1/11/17,2.27532
1/12/17,2.27044
1/13/17,2.27464
1/17/17,2.26789
1/18/17,2.27189
1/19/17,2.26369
1/20/17,2.27131
1/23/17,2.2652
1/24/17,2.28007
1/25/17,2.29837
1/26/17,2.29668
1/27/17,2.29469
1/30/17,2.2809
1/31/17,2.27887
2/1/17,2.27955
2/2/17,2.28085
2/3/17,2.29742
2/6/17,2.29256
2/7/17,2.29308
2/8/17,2.29467
2/9/17,2.30787
2/10/17,2.3161
2/13/17,2.32825
2/14/17,2.33758
2/15/17,2.34925
2/16/17,2.34722
2/17/17,2.35116
2/21/17,2.36538
2/22/17,2.36282
2/23/17,2.36381
2/24/17,2.36734
2/27/17,2.36975
2/28/17,2.36364
3/1/17,2.39596
3/2/17,2.38192
3/3/17,2.38312
3/6/17,2.37531
3/7/17,2.36839
3/8/17,2.36298
3/9/17,2.36487
3/10/17,2.3726
3/13/17,2.37347
3/14/17,2.36545
3/15/17,2.38526
3/16/17,2.38138
3/17/17,2.37825
3/20/17,2.37347
3/21/17,2.34402
3/22/17,2.34845
3/23/17,2.34596
3/24/17,2.34398
3/27/17,2.34159
3/28/17,2.35857
3/29/17,2.36113
3/30/17,2.36806
3/31/17,2.36272
4/3/17,2.35884
4/4/17,2.36016
4/5/17,2.35295
4/6/17,2.35749
4/7/17,2.35554
4/10/17,2.35716
4/11/17,2.35378
4/12/17,2.34493
4/13/17,2.32895
4/17/17,2.34901
4/18/17,2.34219
4/19/17,2.33817
4/20/17,2.35584
4/21/17,2.34869
4/24/17,2.37415
4/25/17,2.38861
4/26/17,2.38745
4/27/17,2.38877
4/28/17,2.3842
5/1/17,2.38833
5/2/17,2.39117
5/3/17,2.38813
5/4/17,2.38952
5/5/17,2.39929
5/8/17,2.39938
5/9/17,2.39692
5/10/17,2.39963
5/11/17,2.39444
5/12/17,2.3909
5/15/17,2.40232
5/16/17,2.40067
5/17/17,2.35703
5/18/17,2.36572
5/19/17,2.38173
5/22/17,2.39402
5/23/17,2.39842
5/24/17,2.40439
5/25/17,2.41507
5/26/17,2.41582
5/30/17,2.41291
5/31/17,2.4118
6/1/17,2.43006
6/2/17,2.43907
6/5/17,2.4361
6/6/17,2.42933
6/7/17,2.43314
6/8/17,2.43379
6/9/17,2.43177
6/12/17,2.42939
6/13/17,2.44035
6/14/17,2.43792
6/15/17,2.43246
6/16/17,2.43315
6/19/17,2.45346
6/20/17,2.43703
6/21/17,2.43561
6/22/17,2.4345
6/23/17,2.4383
6/26/17,2.43907
6/27/17,2.41938
6/28/17,2.44069
6/29/17,2.4197
6/30/17,2.42341
7/3/17,2.42901
7/5/17,2.43254
7/6/17,2.40975
7/7/17,2.42518
7/10/17,2.42743
7/11/17,2.42553
7/12/17,2.44325
7/13/17,2.44783
7/14/17,2.45927
7/17/17,2.45914
7/18/17,2.46061
7/19/17,2.47383
7/20/17,2.47345
7/21/17,2.47254
7/24/17,2.46991
7/25/17,2.47713
7/26/17,2.47783
7/27/17,2.47542
7/28/17,2.4721
7/31/17,2.4703
8/1/17,2.47635
8/2/17,2.47757
8/3/17,2.47216
8/4/17,2.47683
8/7/17,2.48091
8/8/17,2.47492
8/9/17,2.47402
8/10/17,2.43821
8/11/17,2.44132
8/14/17,2.46584
8/15/17,2.46461
8/16/17,2.46811
8/17/17,2.43001
8/18/17,2.42555
8/21/17,2.42837
8/22/17,2.45251
8/23/17,2.44404
8/24/17,2.43897
8/25/17,2.44305
8/28/17,2.44424
8/29/17,2.4463
8/30/17,2.45759
8/31/17,2.47165
9/1/17,2.47655
9/5/17,2.45785
9/6/17,2.46554
9/7/17,2.4651
9/8/17,2.46143
9/11/17,2.48811
9/12/17,2.49648
9/13/17,2.49837
9/14/17,2.49562
9/15/17,2.50023
9/18/17,2.50387
9/19/17,2.50665
9/20/17,2.50824
9/21/17,2.5006
9/22/17,2.50222
9/25/17,2.49666
9/26/17,2.49684
9/27/17,2.50704
9/28/17,2.51006
9/29/17,2.51936
10/2/17,2.52912
10/3/17,2.53458
10/4/17,2.53774
10/5/17,2.55207
10/6/17,2.54933
10/9/17,2.54473
10/10/17,2.55064
10/11/17,2.55524
10/12/17,2.55093
10/13/17,2.55317
10/16/17,2.55764
10/17/17,2.55936
10/18/17,2.56126
10/19/17,2.5621
10/20/17,2.57521
10/23/17,2.56498
10/24/17,2.56913
10/25/17,2.55715
10/26/17,2.5604
10/27/17,2.58107
10/30/17,2.57283
10/31/17,2.57526
11/1/17,2.57936
11/2/17,2.57985
11/3/17,2.58784
11/6/17,2.59113
11/7/17,2.59064
11/8/17,2.59438
11/9/17,2.58462
11/10/17,2.5823
11/13/17,2.58484
11/14/17,2.57887
11/15/17,2.56462
11/16/17,2.58564
11/17/17,2.57885
11/20/17,2.58214
11/21/17,2.59903
11/22/17,2.59708
11/24/17,2.60242
11/27/17,2.60142
11/28/17,2.62704
11/29/17,2.62607
11/30/17,2.64758
12/1/17,2.64222
12/4/17,2.63944
12/5/17,2.62957
12/6/17,2.62927
12/7/17,2.63698
12/8/17,2.6515
12/11/17,2.65999
12/12/17,2.66411
12/13/17,2.66285
12/14/17,2.65201
12/15/17,2.67581
12/18/17,2.69016
12/19/17,2.68147
12/20/17,2.67925
12/21/17,2.68457
12/22/17,2.68334
12/26/17,2.6805
12/27/17,2.68262
12/28/17,2.68754
12/29/17,2.67361
1/2/18,2.69581
1/3/18,2.71306
1/4/18,2.72399
1/5/18,2.74315
1/8/18,2.74771
1/9/18,2.75129
1/10/18,2.74823
1/11/18,2.76756
1/12/18,2.78624
1/16/18,2.77642
1/17/18,2.80256
1/18/18,2.79803
1/19/18,2.8103
1/22/18,2.83297
1/23/18,2.83913
1/24/18,2.83754
1/25/18,2.83925
1/26/18,2.87287
1/29/18,2.85353
1/30/18,2.82243
1/31/18,2.82381
2/1/18,2.82198
2/2/18,2.76213
2/5/18,2.64894
2/6/18,2.69514
2/7/18,2.68166
2/8/18,2.581
2/9/18,2.61955
2/12/18,2.656
2/13/18,2.66294
2/14/18,2.69863
2/15/18,2.7312
2/16/18,2.73222
2/20/18,2.71626
2/21/18,2.70133
2/22/18,2.70396
2/23/18,2.7473
2/26/18,2.7796
2/27/18,2.74428
2/28/18,2.71383
3/1/18,2.67767
3/2/18,2.69125
3/5/18,2.72094
3/6/18,2.72812
3/7/18,2.7268
3/8/18,2.73897
3/9/18,2.78657
3/12/18,2.78302
3/13/18,2.76531
3/14/18,2.74948
3/15/18,2.74733
3/16/18,2.75201
3/19/18,2.71292
3/20/18,2.71694
3/21/18,2.71193
3/22/18,2.64369
3/23/18,2.58826
3/26/18,2.65855
3/27/18,2.61262
3/28/18,2.605
3/29/18,2.64087
4/2/18,2.58188
4/3/18,2.61445
4/4/18,2.64469
4/5/18,2.66284
4/6/18,2.60447
4/9/18,2.61316
4/10/18,2.65687
4/11/18,2.64219
4/12/18,2.66399
4/13/18,2.6563
4/16/18,2.67784
4/17/18,2.70639
4/18/18,2.70864
4/19/18,2.69313
4/20/18,2.67014
4/23/18,2.67029
4/24/18,2.63456
4/25/18,2.6394
4/26/18,2.66694
4/27/18,2.66991
4/30/18,2.64805
5/1/18,2.6548
5/2/18,2.63567
5/3/18,2.62973
5/4/18,2.66342
5/7/18,2.67263
5/8/18,2.67192
5/9/18,2.69779
5/10/18,2.72307
5/11/18,2.72772
5/14/18,2.73013
5/15/18,2.71145
5/16/18,2.72246
5/17/18,2.72013
5/18/18,2.71297
5/21/18,2.73301
5/22/18,2.72444
5/23/18,2.73329
5/24/18,2.72776
5/25/18,2.72133
5/29/18,2.68986
5/30/18,2.72401
5/31/18,2.70527
6/1/18,2.73462
6/4/18,2.74687
6/5/18,2.7488
6/6/18,2.77235
6/7/18,2.77037
6/8/18,2.77903
6/11/18,2.782
6/12/18,2.78685
6/13/18,2.77563
6/14/18,2.78249
6/15/18,2.77966
6/18/18,2.77375
6/19/18,2.76259
6/20/18,2.76732
6/21/18,2.74976
6/22/18,2.75488
6/25/18,2.71707
6/26/18,2.72306
6/27/18,2.69963
6/28/18,2.71631
6/29/18,2.71837
7/2/18,2.72671
7/3/18,2.71322
7/5/18,2.73661
7/6/18,2.75982
7/9/18,2.78417
7/10/18,2.79384
7/11/18,2.77402
7/12/18,2.79829
7/13/18,2.80131
7/16/18,2.79843
7/17/18,2.80955
7/18/18,2.81562
7/19/18,2.80449
7/20/18,2.80183
7/23/18,2.80698
7/24/18,2.8204
7/25/18,2.84607
7/26/18,2.83744
7/27/18,2.81882
7/30/18,2.8026
7/31/18,2.81629
8/1/18,2.81336
8/2/18,2.82722
8/3/18,2.84035
8/6/18,2.8504
8/7/18,2.85845
8/8/18,2.8577
8/9/18,2.85358
8/10/18,2.83328
8/13/18,2.82193
8/14/18,2.83996
8/15/18,2.81837
8/16/18,2.84069
8/17/18,2.85013
8/20/18,2.85705
8/21/18,2.86296
8/22/18,2.86182
8/23/18,2.85698
8/24/18,2.87469
8/27/18,2.89674
8/28/18,2.89752
8/29/18,2.91404
8/30/18,2.90113
8/31/18,2.90152
9/4/18,2.89672
9/5/18,2.8886
9/6/18,2.87805
9/7/18,2.87168
9/10/18,2.87713
9/11/18,2.88789
9/12/18,2.88892
9/13/18,2.90418
9/14/18,2.90498
9/17/18,2.8888
9/18/18,2.90431
9/19/18,2.90795
9/20/18,2.93075
9/21/18,2.92967
9/24/18,2.91937
9/25/18,2.91556
9/26/18,2.90597
9/27/18,2.914
9/28/18,2.91398
10/1/18,2.92459
10/2/18,2.92343
10/3/18,2.92551
10/4/18,2.90161
10/5/18,2.88557
10/8/18,2.88443
10/9/18,2.88034
10/10/18,2.78568
10/11/18,2.72837
10/12/18,2.76713
10/15/18,2.75079
10/16/18,2.80992
10/17/18,2.80921
10/18/18,2.76878
10/19/18,2.76778
10/22/18,2.75588
10/23/18,2.74069
10/24/18,2.6561
10/25/18,2.70557
10/26/18,2.65869
10/29/18,2.64125
10/30/18,2.68263
10/31/18,2.71174
11/1/18,2.74037
11/2/18,2.72306
11/5/18,2.73831
11/6/18,2.75545
11/7/18,2.81389
11/8/18,2.80683
11/9/18,2.78101
11/12/18,2.72622
11/13/18,2.72218
11/14/18,2.70158
11/15/18,2.7302
11/16/18,2.73627
11/19/18,2.69073
11/20/18,2.64189
11/21/18,2.64993
11/23/18,2.63256
11/26/18,2.67345
11/27/18,2.68217
11/28/18,2.74379
11/29/18,2.73776
11/30/18,2.76017
12/3/18,2.79037
12/4/18,2.70006
12/6/18,2.69595
12/7/18,2.63308
12/10/18,2.63772
12/11/18,2.63678
12/12/18,2.65107
12/13/18,2.65054
12/14/18,2.59995
12/17/18,2.54594
12/18/18,2.54616
12/19/18,2.50696
12/20/18,2.46742
12/21/18,2.41662
12/24/18,2.3511
12/26/18,2.4677
12/27/18,2.48883
12/28/18,2.48574
12/31/18,2.50685
1/2/19,2.51003
1/3/19,2.44789
1/4/19,2.53194
1/7/19,2.54969
1/8/19,2.57441
1/9/19,2.58496
1/10/19,2.59664
1/11/19,2.59626
1/14/19,2.58261
1/15/19,2.6103
1/16/19,2.6161
1/17/19,2.63596
1/18/19,2.67071
1/22/19,2.6329
1/23/19,2.6387
1/24/19,2.64233
1/25/19,2.66476
1/28/19,2.64385
1/29/19,2.64
1/30/19,2.68105
1/31/19,2.7041
2/1/19,2.70653
2/4/19,2.72487
2/5/19,2.7377
2/6/19,2.73161
2/7/19,2.70605
2/8/19,2.70788
2/11/19,2.7098
2/12/19,2.74473
2/13/19,2.75303
2/14/19,2.74573
2/15/19,2.7756
2/19/19,2.77976
2/20/19,2.7847
2/21/19,2.77488
2/22/19,2.79267
2/25/19,2.79611
2/26/19,2.7939
2/27/19,2.79238
2/28/19,2.78449
3/1/19,2.80369
3/4/19,2.79281
3/5/19,2.78965
3/6/19,2.77145
3/7/19,2.74893
3/8/19,2.74307
3/11/19,2.7833
3/12/19,2.79152
3/13/19,2.81092
3/14/19,2.80848
3/15/19,2.82248
3/18/19,2.83294
3/19/19,2.83257
3/20/19,2.82423
3/21/19,2.85488
3/22/19,2.80071
3/25/19,2.79836
3/26/19,2.81846
3/27/19,2.80537
3/28/19,2.81544
3/29/19,2.8344
4/1/19,2.86719
4/2/19,2.86724
4/3/19,2.8734
4/4/19,2.87939
4/5/19,2.89274
4/8/19,2.89577
4/9/19,2.8782
4/10/19,2.88821
4/11/19,2.88832
4/12/19,2.90741
4/15/19,2.90558
4/16/19,2.90706
4/17/19,2.90045
4/18/19,2.90503
4/22/19,2.90797
4/23/19,2.93368
4/24/19,2.92725
4/25/19,2.92617
4/26/19,2.93988
4/29/19,2.94303
4/30/19,2.94583
5/1/19,2.92373
5/2/19,2.91752
5/3/19,2.94564
5/6/19,2.93247
5/7/19,2.88405
5/8/19,2.87942
5/9/19,2.87072
5/10/19,2.8814
5/13/19,2.81187
5/14/19,2.83441
5/15/19,2.85096
5/16/19,2.87632
5/17/19,2.85953
5/20/19,2.84023
5/21/19,2.86436
5/22/19,2.85627
5/23/19,2.82224
5/24/19,2.82606
5/28/19,2.80239
5/29/19,2.78302
5/30/19,2.78886
5/31/19,2.75206
6/3/19,2.74445
6/4/19,2.80327
6/5/19,2.82615
6/6/19,2.84349
6/7/19,2.87334
6/10/19,2.88673
6/11/19,2.88572
6/12/19,2.87984
6/13/19,2.89164
6/14/19,2.88698
6/17/19,2.88967
6/18/19,2.91775
6/19/19,2.92646
6/20/19,2.95418
6/21/19,2.95046
6/24/19,2.94535
6/25/19,2.91738
6/26/19,2.91378
6/27/19,2.92492
6/28/19,2.94176
7/1/19,2.96433
7/2/19,2.97301
7/3/19,2.99582
7/5/19,2.99041
7/8/19,2.97595
7/9/19,2.97963
7/10/19,2.99307
7/11/19,2.99991
7/12/19,3.01377
7/15/19,3.0143
7/16/19,3.00404
7/17/19,2.98442
7/18/19,2.99511
7/19/19,2.97661
7/22/19,2.98503
7/23/19,3.00547
7/24/19,3.01956
7/25/19,3.00367
7/26/19,3.02586
7/29/19,3.02097
7/30/19,3.01318
7/31/19,2.98038
8/1/19,2.95356
8/2/19,2.93205
8/5/19,2.84474
8/6/19,2.88177
8/7/19,2.88398
8/8/19,2.93809
8/9/19,2.91865
8/12/19,2.88375
8/13/19,2.92632
8/14/19,2.8406
8/15/19,2.8476
8/16/19,2.88868
8/19/19,2.92365
8/20/19,2.90051
8/21/19,2.92443
8/22/19,2.92295
8/23/19,2.84711
8/26/19,2.87838
8/27/19,2.86916
8/28/19,2.88794
8/29/19,2.92458
8/30/19,2.92646
9/3/19,2.90627
9/4/19,2.93778
9/5/19,2.976
9/6/19,2.97871
9/9/19,2.97843
9/10/19,2.97939
9/11/19,3.00093
9/12/19,3.00957
9/13/19,3.00739
9/16/19,2.99796
9/17/19,3.0057
9/18/19,3.00673
9/19/19,3.00679
9/20/19,2.99207
9/23/19,2.99178
9/24/19,2.9666
9/25/19,2.98487
9/26/19,2.97762
9/27/19,2.96179
9/30/19,2.97674
10/1/19,2.94025
10/2/19,2.88761
10/3/19,2.91063
10/4/19,2.95201
10/7/19,2.93879
10/8/19,2.89306
10/9/19,2.9194
10/10/19,2.93813
10/11/19,2.97027
10/14/19,2.96615
10/15/19,2.99568
10/16/19,2.98969
10/17/19,2.99795
10/18/19,2.9862
10/21/19,3.00672
10/22/19,2.99599
10/23/19,3.00452
10/24/19,3.01029
10/25/19,3.02255
10/28/19,3.03942
10/29/19,3.03689
10/30/19,3.04677
10/31/19,3.03756
11/1/19,3.06691
11/4/19,3.07827
11/5/19,3.07462
11/6/19,3.07678
11/7/19,3.08518
11/8/19,3.09308
11/11/19,3.08701
11/12/19,3.09184
11/13/19,3.09404
11/14/19,3.09663
11/15/19,3.12046
11/18/19,3.12203
11/19/19,3.12018
11/20/19,3.10846
11/21/19,3.10354
11/22/19,3.11029
11/25/19,3.13364
11/26/19,3.14052
11/27/19,3.15363
11/29/19,3.14098
12/2/19,3.11387
12/3/19,3.0932
12/4/19,3.11276
12/5/19,3.11743
12/6/19,3.14591
12/9/19,3.13596
12/10/19,3.13252
12/11/19,3.14163
12/12/19,3.16857
12/13/19,3.1688
12/16/19,3.19145
12/17/19,3.19252
12/18/19,3.19114
12/19/19,3.20537
12/20/19,3.22122
12/23/19,3.22401
12/24/19,3.22338
12/26/19,3.23991
12/27/19,3.24002
12/30/19,3.22129
12/31/19,3.23078
1/2/20,3.25785
1/3/20,3.23485
1/6/20,3.24628
1/7/20,3.23718
1/8/20,3.25305
1/9/20,3.2747
1/10/20,3.26535
1/13/20,3.28813
1/14/20,3.28315
1/15/20,3.28929
1/16/20,3.31681
1/17/20,3.32962
1/21/20,3.32079
1/22/20,3.32175
1/23/20,3.32554
1/24/20,3.29547
1/27/20,3.24363
1/28/20,3.27624
1/29/20,3.2734
1/30/20,3.28366
1/31/20,3.22552
2/3/20,3.24892
2/4/20,3.29759
2/5/20,3.33469
2/6/20,3.34578
2/7/20,3.32771
2/10/20,3.35209
2/11/20,3.35775
2/12/20,3.37945
2/13/20,3.37394
2/14/20,3.38016
2/18/20,3.37029
2/19/20,3.38615
2/20/20,3.37323
2/21/20,3.33775
2/24/20,3.22589
2/25/20,3.12821
2/26/20,3.11639
2/27/20,2.97876
2/28/20,2.95422
3/2/20,3.09023
3/3/20,3.00337
3/4/20,3.13012
3/5/20,3.02394
3/6/20,2.97237
3/9/20,2.74656
3/10/20,2.88223
3/11/20,2.74138
3/12/20,2.48064
3/13/20,2.71102
3/16/20,2.38613
3/17/20,2.52919
3/18/20,2.3981
3/19/20,2.40939
3/20/20,2.30492
3/23/20,2.2374
3/24/20,2.44733
3/25/20,2.47556
3/26/20,2.63007
3/27/20,2.54147
3/30/20,2.62665
3/31/20,2.58459
4/1/20,2.4705
4/2/20,2.5269
4/3/20,2.48865
4/6/20,2.66368
4/7/20,2.65941
4/8/20,2.74998
4/9/20,2.78982
4/13/20,2.76163
4/14/20,2.84606
4/15/20,2.78336
4/16/20,2.79955
4/17/20,2.87456
4/20/20,2.82316
4/21/20,2.73656
4/22/20,2.79931
4/23/20,2.7978
4/24/20,2.83674
4/27/20,2.87848
4/28/20,2.86339
4/29/20,2.93951
4/30/20,2.91243
5/1/20,2.83071
5/4/20,2.84274
5/5/20,2.86844
5/6/20,2.84842
5/7/20,2.88119
5/8/20,2.9298
5/11/20,2.93032
5/12/20,2.87012
5/13/20,2.82
5/14/20,2.8525
5/15/20,2.8637
5/18/20,2.95391
5/19/20,2.92294
5/20/20,2.97161
5/21/20,2.94851
5/22/20,2.95545
5/26/20,2.99177
5/27/20,3.03613
5/28/20,3.02973
5/29/20,3.04431
6/1/20,3.05573
6/2/20,3.08082
6/3/20,3.12287
6/4/20,3.11235
6/5/20,3.19393
6/8/20,3.23239
6/9/20,3.20718
6/10/20,3.19014
6/11/20,3.0021
6/12/20,3.04131
6/15/20,3.06659
6/16/20,3.12474
6/17/20,3.11349
6/18/20,3.11534
6/19/20,3.09774
6/22/20,3.11786
6/23/20,3.13129
6/24/20,3.05033
6/25/20,3.08376
6/26/20,3.00905
6/29/20,3.05324
6/30/20,3.10029
7/1/20,3.11586
7/2/20,3.13001
7/6/20,3.17972
7/7/20,3.14532
7/8/20,3.16994
7/9/20,3.15205
7/10/20,3.18504
7/13/20,3.15522
7/14/20,3.19752
7/15/20,3.22656
7/16/20,3.21557
7/17/20,3.22473
7/20/20,3.25184
7/21/20,3.2573
7/22/20,3.27602
7/23/20,3.23566
7/24/20,3.21563
7/27/20,3.23941
7/28/20,3.21844
7/29/20,3.25844
7/30/20,3.24622
7/31/20,3.27112
8/3/20,3.29461
8/4/20,3.30651
8/5/20,3.32777
8/6/20,3.34916
8/7/20,3.35128
8/10/20,3.36047
8/11/20,3.33369
8/12/20,3.38035
8/13/20,3.37343
8/14/20,3.37285
8/17/20,3.38199
8/18/20,3.38978
8/19/20,3.37485
8/20/20,3.38551
8/21/20,3.39716
8/24/20,3.43128
8/25/20,3.44362
8/26/20,3.47873
8/27/20,3.48455
8/28/20,3.50801
8/31/20,3.50031
9/1/20,3.52665
9/2/20,3.58084
9/3/20,3.45506
9/4/20,3.42696
9/8/20,3.33184
9/9/20,3.39896
9/10/20,3.33919
9/11/20,3.34097
9/14/20,3.38354
9/15/20,3.4012
9/16/20,3.38549
9/17/20,3.35701
9/18/20,3.31947
9/21/20,3.28106
9/22/20,3.31557
9/23/20,3.23692
9/24/20,3.24659
9/25/20,3.29846
9/28/20,3.3516
9/29/20,3.33547
9/30/20,3.363
10/1/20,3.3808
10/2/20,3.34844
10/5/20,3.40863
10/6/20,3.36095
10/7/20,3.41945
10/8/20,3.44683
10/9/20,3.47713
10/12/20,3.53422
10/13/20,3.51193
10/14/20,3.48867
10/15/20,3.48334
10/16/20,3.48381
10/19/20,3.42692
10/20/20,3.44312
10/21/20,3.43556
10/22/20,3.45349
10/23/20,3.46539
10/26/20,3.40097
10/27/20,3.39068
10/28/20,3.27103
10/29/20,3.31011
10/30/20,3.26996
11/2/20,3.31024
11/3/20,3.36916
11/4/20,3.44344
11/5/20,3.51045
11/6/20,3.50944
11/9/20,3.5505
11/10/20,3.54553
11/11/20,3.57266
11/12/20,3.53701
11/13/20,3.58515
11/16/20,3.62691
11/17/20,3.60953
11/18/20,3.56779
11/19/20,3.58187
11/20/20,3.55754
11/23/20,3.57759
11/24/20,3.63541
11/25/20,3.62965
11/27/20,3.63835
11/30/20,3.62163
12/1/20,3.66245
12/2/20,3.66901
12/3/20,3.66672
12/4/20,3.69912
12/7/20,3.69196
12/8/20,3.70225
12/9/20,3.67282
12/10/20,3.6681
12/11/20,3.66346
12/14/20,3.64749
12/15/20,3.69462
12/16/20,3.70117
12/17/20,3.72248
12/18/20,3.70941
12/21/20,3.69492
12/22/20,3.68726
12/23/20,3.69001
12/24/20,3.70306
12/28/20,3.73536
12/29/20,3.72704
12/30/20,3.73204
12/31/20,3.75607
1/4/21,3.70065
1/5/21,3.72686
1/6/21,3.74814
1/7/21,3.80379
1/8/21,3.82468
1/11/21,3.79961
1/12/21,3.80119
1/13/21,3.80984
1/14/21,3.79554
1/15/21,3.76825
1/19/21,3.79891
1/20/21,3.85185
1/21/21,3.85307
1/22/21,3.84147
1/25/21,3.85536
1/26/21,3.84962
1/27/21,3.75077
1/28/21,3.78738
1/29/21,3.71424
2/1/21,3.77386
2/2/21,3.82631
2/3/21,3.83017
2/4/21,3.87174
2/5/21,3.88683
2/8/21,3.91559
2/9/21,3.91123
2/10/21,3.90988
2/11/21,3.91638
2/12/21,3.93483
2/16/21,3.93259
2/17/21,3.93133
2/18/21,3.91397
2/19/21,3.90671
2/22/21,3.8765
2/23/21,3.88137
2/24/21,3.92543
2/25/21,3.82934
2/26/21,3.81115
3/1/21,3.90182
3/2/21,3.87029
3/3/21,3.81972
3/4/21,3.76847
3/5/21,3.84194
3/8/21,3.82135
3/9/21,3.87544
3/10/21,3.89881
3/11/21,3.93934
3/12/21,3.94334
3/15/21,3.96894
3/16/21,3.96271
3/17/21,3.97412
3/18/21,3.91546
3/19/21,3.9131
3/22/21,3.94059
3/23/21,3.91052
3/24/21,3.88914
3/25/21,3.90952
3/26/21,3.97454
3/29/21,3.97109
3/30/21,3.95855
3/31/21,3.97289
4/1/21,4.01987
4/5/21,4.07791
4/6/21,4.07394
4/7/21,4.07995
4/8/21,4.09717
4/9/21,4.1288
4/12/21,4.12799
4/13/21,4.14159
4/14/21,4.12466
4/15/21,4.17042
4/16/21,4.18547
4/19/21,4.16326
4/20/21,4.13494
4/21/21,4.17342
4/22/21,4.13498
4/23/21,4.18017
4/26/21,4.18762
4/27/21,4.18672
4/28/21,4.18318
4/29/21,4.21147
4/30/21,4.18117
5/3/21,4.19266
5/4/21,4.16466
5/5/21,4.16759
5/6/21,4.20162
5/7/21,4.2326
5/10/21,4.18843
5/11/21,4.1521
5/12/21,4.06304
5/13/21,4.1125
5/14/21,4.17385
5/17/21,4.16329
5/18/21,4.12783
5/19/21,4.11568
5/20/21,4.15912
5/21/21,4.15586
5/24/21,4.19705
5/25/21,4.18813
5/26/21,4.19599
5/27/21,4.20088
5/28/21,4.20411
6/1/21,4.20204
6/2/21,4.20812
6/3/21,4.19285
6/4/21,4.22989
6/7/21,4.22652
6/8/21,4.22726
6/9/21,4.21955
6/10/21,4.23918
6/11/21,4.24744
6/14/21,4.25515
6/15/21,4.24659
6/16/21,4.2237
6/17/21,4.22186
6/18/21,4.16645
6/21/21,4.22479
6/22/21,4.24644
6/23/21,4.24184
6/24/21,4.26649
6/25/21,4.2807
6/28/21,4.29061
6/29/21,4.2918
6/30/21,4.2975
7/1/21,4.31994
7/2/21,4.35234
7/6/21,4.34354
7/7/21,4.35813
7/8/21,4.32082
7/9/21,4.36955
7/12/21,4.38463
7/13/21,4.36921
7/14/21,4.3743
7/15/21,4.36003
7/16/21,4.32716
7/19/21,4.25849
7/20/21,4.32306
7/21/21,4.35869
7/22/21,4.36748
7/23/21,4.41179
7/26/21,4.4223
7/27/21,4.40146
7/28/21,4.40064
7/29/21,4.41915
7/30/21,4.39526
8/2/21,4.38716
8/3/21,4.42315
8/4/21,4.40266
8/5/21,4.4291
8/6/21,4.43652
8/9/21,4.43235
8/10/21,4.43675
8/11/21,4.4477
8/12/21,4.46083
8/13/21,4.468
8/16/21,4.47971
8/17/21,4.44808
8/18/21,4.40027
8/19/21,4.4058
8/20/21,4.44167
8/23/21,4.47953
8/24/21,4.48623
8/25/21,4.49619
8/26/21,4.47
8/27/21,4.50937
8/30/21,4.52879
8/31/21,4.52268
9/1/21,4.52409
9/2/21,4.53695
9/3/21,4.53543
9/7/21,4.52003
9/8/21,4.51407
9/9/21,4.49328
9/10/21,4.45858
9/13/21,4.46873
9/14/21,4.44305
9/15/21,4.4807
9/16/21,4.47375
9/17/21,4.43299
9/20/21,4.35773
9/21/21,4.35419
9/22/21,4.39564
9/23/21,4.44898
9/24/21,4.45548
9/27/21,4.44311
9/28/21,4.35263
9/29/21,4.35946
9/30/21,4.30754
10/1/21,4.35704
10/4/21,4.30046
10/5/21,4.34572
10/6/21,4.36355
10/7/21,4.39976
10/8/21,4.39134
10/11/21,4.36119
10/12/21,4.35065
10/13/21,4.3638
10/14/21,4.43826
10/15/21,4.47137
10/18/21,4.48646
10/19/21,4.51963
10/20/21,4.53619
10/21/21,4.54978
10/22/21,4.5449
10/25/21,4.56648
10/26/21,4.57479
10/27/21,4.55168
10/28/21,4.59642
10/29/21,4.60538
11/1/21,4.61367
11/2/21,4.63065
11/3/21,4.66057
11/4/21,4.68006
11/5/21,4.69753
11/8/21,4.7017
11/9/21,4.68525
11/10/21,4.64671
11/11/21,4.64927
11/12/21,4.68285
11/15/21,4.6828
11/16/21,4.7009
11/17/21,4.68867
11/18/21,4.70454
11/19/21,4.69796
11/22/21,4.68294
11/23/21,4.6907
11/24/21,4.70146
11/26/21,4.59462
11/29/21,4.65527
11/30/21,4.567
12/1/21,4.51304
12/2/21,4.5771
12/3/21,4.53843
12/6/21,4.59167
12/7/21,4.68675
12/8/21,4.70121
12/9/21,4.66745
12/10/21,4.71202
12/13/21,4.66897
12/14/21,4.63409
12/15/21,4.70985
12/16/21,4.66867
12/17/21,4.62064
12/20/21,4.56802
12/21/21,4.64923
12/22/21,4.69656
12/23/21,4.72579
12/27/21,4.79119
12/28/21,4.78635
12/29/21,4.79306
12/30/21,4.77873
12/31/21,4.76618
1/3/22,4.79656
1/4/22,4.79354
1/5/22,4.70058
1/6/22,4.69605
1/7/22,4.67703
1/10/22,4.67029
1/11/22,4.71307
1/12/22,4.72635
1/13/22,4.65903
1/14/22,4.66285
1/18/22,4.57711
1/19/22,4.53276
1/20/22,4.48273
1/21/22,4.39794
1/24/22,4.41013
1/25/22,4.35645
1/26/22,4.34993
1/27/22,4.32651
1/28/22,4.43185
1/31/22,4.51555
2/1/22,4.54654
2/2/22,4.58938
2/3/22,4.47744
2/4/22,4.50053
2/7/22,4.48387
2/8/22,4.52154
2/9/22,4.58718
2/10/22,4.50408
2/11/22,4.41864
2/14/22,4.40167
2/15/22,4.47107
2/16/22,4.47501
2/17/22,4.38026
2/18/22,4.34887
2/22/22,4.30476
2/23/22,4.2255
2/24/22,4.2887
2/25/22,4.38465
2/28/22,4.37394
3/1/22,4.30626
3/2/22,4.38654
3/3/22,4.36349
3/4/22,4.32887
3/7/22,4.20109
3/8/22,4.1707
3/9/22,4.27788
3/10/22,4.25952
3/11/22,4.20431
3/14/22,4.17311
3/15/22,4.26245
3/16/22,4.35786
3/17/22,4.41167
3/18/22,4.46312
3/21/22,4.46118
3/22/22,4.51161
3/23/22,4.45624
3/24/22,4.52016
3/25/22,4.54306
3/28/22,4.57552
3/29/22,4.6316
3/30/22,4.60245
3/31/22,4.53041
4/1/22,4.54586
4/4/22,4.58264
4/5/22,4.52512
4/6/22,4.48115
4/7/22,4.50021
4/8/22,4.48828
4/11/22,4.41253
4/12/22,4.39745
4/13/22,4.44659
4/14/22,4.39259
4/18/22,4.39169
4/19/22,4.46221
4/20/22,4.45945
4/21/22,4.39366
4/22/22,4.27178
4/25/22,4.29612
4/26/22,4.1752
4/27/22,4.18396
4/28/22,4.2875
4/29/22,4.13193
5/2/22,4.15538
5/3/22,4.17548
5/4/22,4.30017
5/5/22,4.14687
5/6/22,4.12334
5/9/22,3.99124
5/10/22,4.00105
5/11/22,3.93518
5/12/22,3.93008
5/13/22,4.02389
5/16/22,4.00801
5/17/22,4.08885
5/18/22,3.92368
5/19/22,3.90079
5/20/22,3.90136
5/23/22,3.97375
5/24/22,3.94148
5/25/22,3.97873
5/26/22,4.05784
5/27/22,4.15824
5/31/22,4.13215
6/1/22,4.10123
6/2/22,4.17682
6/3/22,4.10854
6/6/22,4.12143
6/7/22,4.16068
6/8/22,4.11577
6/9/22,4.01782
6/10/22,3.90086
6/13/22,3.74963
6/14/22,3.73548
6/15/22,3.78999
6/16/22,3.66677
6/17/22,3.67484
6/21/22,3.76479
6/22/22,3.75989
6/23/22,3.79573
6/24/22,3.91174
6/27/22,3.90011
6/28/22,3.82155
6/29/22,3.81883
6/30/22,3.78538
7/1/22,3.82533
7/5/22,3.83139
7/6/22,3.84508
7/7/22,3.90262
7/8/22,3.89938
7/11/22,3.85443
7/12/22,3.8188
7/13/22,3.80178
7/14/22,3.79038
7/15/22,3.86316
7/18/22,3.83085
7/19/22,3.93669
7/20/22,3.9599
7/21/22,3.99895
7/22/22,3.96163
7/25/22,3.96684
7/26/22,3.92105
7/27/22,4.02361
7/28/22,4.07243
7/29/22,4.13029
8/1/22,4.11863
8/2/22,4.09119
8/3/22,4.15517
8/4/22,4.15194
8/5/22,4.14519
8/8/22,4.14006
8/9/22,4.12247
8/10/22,4.21024
8/11/22,4.20727
8/12/22,4.28015
8/15/22,4.29714
8/16/22,4.3052
8/17/22,4.27404
8/18/22,4.28374
8/19/22,4.22848
8/22/22,4.13799
8/23/22,4.12873
8/24/22,4.14077
8/25/22,4.19912
8/26/22,4.05766
8/29/22,4.03061
8/30/22,3.98616
8/31/22,3.955
9/1/22,3.96685
9/2/22,3.92426
9/6/22,3.90819
9/7/22,3.97987
9/8/22,4.00618
9/9/22,4.06736
9/12/22,4.11041
9/13/22,3.93269
9/14/22,3.94601
9/15/22,3.90135
9/16/22,3.87333
9/19/22,3.89989
9/20/22,3.85593
9/21/22,3.78993
9/22/22,3.75799
9/23/22,3.69323
9/26/22,3.65504
9/27/22,3.64729
9/28/22,3.71904
9/29/22,3.64047
9/30/22,3.58562
10/3/22,3.67843
10/4/22,3.79093
10/5/22,3.78328
10/6/22,3.74452
10/7/22,3.63966
10/10/22,3.61239
10/11/22,3.58884
10/12/22,3.57703
10/13/22,3.66991
10/14/22,3.58307
10/17/22,3.67795
10/18/22,3.71998
10/19/22,3.69516
10/20/22,3.66578
10/21/22,3.75275
10/24/22,3.79734
10/25/22,3.85911
10/26/22,3.8306
10/27/22,3.8073
10/28/22,3.90106
10/31/22,3.87198
11/1/22,3.8561
11/2/22,3.75969
11/3/22,3.71989
11/4/22,3.77055
11/7/22,3.8068
11/8/22,3.82811
11/9/22,3.74857
11/10/22,3.95637
11/11/22,3.99293
11/14/22,3.95725
11/15/22,3.99173
11/16/22,3.95879
11/17/22,3.94656
11/18/22,3.96534
11/21/22,3.94994
11/22/22,4.00358
11/23/22,4.02726
11/25/22,4.02612
11/28/22,3.96394
11/29/22,3.95763
11/30/22,4.08011
12/1/22,4.07657
12/2/22,4.0717
12/5/22,3.99884
12/6/22,3.94126
12/7/22,3.93392
12/8/22,3.96351
12/9/22,3.93438
12/12/22,3.99056
12/13/22,4.01965
12/14/22,3.99532
12/15/22,3.89575
12/16/22,3.85236
12/19/22,3.81766
12/20/22,3.82162
12/21/22,3.87844
12/22/22,3.82239
12/23/22,3.84482
12/27/22,3.82925
12/28/22,3.78322
12/29/22,3.84928
12/30/22,3.8395
1/3/23,3.82414
1/4/23,3.85297
1/5/23,3.8081
1/6/23,3.89508
1/9/23,3.89209
1/10/23,3.91925
1/11/23,3.96961
1/12/23,3.98317
1/13/23,3.99909
1/17/23,3.99097
1/18/23,3.92886
1/19/23,3.89885
1/20/23,3.97261
1/23/23,4.01981
1/24/23,4.01695
1/25/23,4.01622
1/26/23,4.06043
1/27/23,4.07056
1/30/23,4.01777
1/31/23,4.0766
2/1/23,4.11921
2/2/23,4.17976
2/3/23,4.13648
2/6/23,4.11108
2/7/23,4.164
2/8/23,4.11786
2/9/23,4.0815
2/10/23,4.09046
2/13/23,4.13729
2/14/23,4.13613
2/15/23,4.1476
2/16/23,4.09041
2/17/23,4.07909
2/21/23,3.99734
2/22/23,3.99105
2/23/23,4.01232
2/24/23,3.97004
2/27/23,3.98224
2/28/23,3.97015
3/1/23,3.95139
3/2/23,3.98135
3/3/23,4.04564
3/6/23,4.04842
3/7/23,3.98637
3/8/23,3.99201
3/9/23,3.91832
3/10/23,3.86159
3/13/23,3.85576
3/14/23,3.91929
3/15/23,3.89193
3/16/23,3.96028
3/17/23,3.91664
3/20/23,3.95157
3/21/23,4.00287
3/22/23,3.93697
3/23/23,3.94872
3/24/23,3.97099
3/27/23,3.97753
3/28/23,3.97127
3/29/23,4.02781
3/30/23,4.05083
3/31/23,4.10931
4/3/23,4.12451
4/4/23,4.1006
4/5/23,4.09038
4/6/23,4.10502
4/10/23,4.10911
4/11/23,4.10894
4/12/23,4.09195
4/13/23,4.14622
4/14/23,4.13764
4/17/23,4.15132
4/18/23,4.15487
4/19/23,4.15452
4/20/23,4.12979
4/21/23,4.13352
4/24/23,4.13704
4/25/23,4.07163
4/26/23,4.05599
4/27/23,4.13535
4/28/23,4.16948
5/1/23,4.16787
5/2/23,4.11958
5/3/23,4.09075
5/4/23,4.06122
5/5/23,4.13625
5/8/23,4.13812
5/9/23,4.11917
5/10/23,4.13764
5/11/23,4.13062
5/12/23,4.12408
5/15/23,4.13628
5/16/23,4.1099
5/17/23,4.15877
5/18/23,4.19805
5/19/23,4.19198
5/22/23,4.19263
5/23/23,4.14558
5/24/23,4.11524
5/25/23,4.15128
5/26/23,4.20545
5/30/23,4.20552
5/31/23,4.17983
6/1/23,4.22102
6/2/23,4.28237
6/5/23,4.27379
6/6/23,4.28385
6/7/23,4.26752
6/8/23,4.29393
6/9/23,4.29886
6/12/23,4.33893
6/13/23,4.36901
6/14/23,4.37259
6/15/23,4.42584
6/16/23,4.40959
6/20/23,4.38871
6/21/23,4.36569
6/22/23,4.38189
6/23/23,4.34833
6/26/23,4.32882
6/27/23,4.37841
6/28/23,4.37686
6/29/23,4.39644
6/30/23,4.45038
7/3/23,4.45559
7/5/23,4.44682
7/6/23,4.41159
7/7/23,4.39895
7/10/23,4.40953
7/11/23,4.43926
7/12/23,4.47216
7/13/23,4.51004
7/14/23,4.50542
7/17/23,4.52279
7/18/23,4.55498
7/19/23,4.56572
7/20/23,4.53487
7/21/23,4.53634
7/24/23,4.55464
7/25/23,4.56746
7/26/23,4.56675
7/27/23,4.53741
7/28/23,4.58223
7/31/23,4.58896
8/1/23,4.57673
8/2/23,4.51339
8/3/23,4.50189
8/4/23,4.47803
8/7/23,4.51844
8/8/23,4.49938
8/9/23,4.46771
8/10/23,4.46883
8/11/23,4.46405
8/14/23,4.48972
8/15/23,4.43786
8/16/23,4.40433
8/17/23,4.37036
8/18/23,4.36971
8/21/23,4.39977
8/22/23,4.38755
8/23/23,4.43601
8/24/23,4.37631
8/25/23,4.40571
8/28/23,4.43331
8/29/23,4.49763
8/30/23,4.51487
8/31/23,4.50766
9/1/23,4.51577
9/5/23,4.49683
9/6/23,4.46548
9/7/23,4.45114
9/8/23,4.45749
9/11/23,4.48746
9/12/23,4.4619
9/13/23,4.46744
9/14/23,4.5051
9/15/23,4.45032
9/18/23,4.45353
9/19/23,4.44395
9/20/23,4.4022
9/21/23,4.33
9/22/23,4.32006
9/25/23,4.33744
9/26/23,4.27353
9/27/23,4.27451
9/28/23,4.2997
9/29/23,4.28805
10/2/23,4.28839
10/3/23,4.22945
10/4/23,4.26375
10/5/23,4.25819
10/6/23,4.3085
10/9/23,4.33566
10/10/23,4.35824
10/11/23,4.37695
10/12/23,4.34961
10/13/23,4.32778
10/16/23,4.37363
10/17/23,4.3732
10/18/23,4.3146
10/19/23,4.278
10/20/23,4.22416
10/23/23,4.21704
10/24/23,4.24768
10/25/23,4.18677
10/26/23,4.13723
10/27/23,4.11737
10/30/23,4.16682
10/31/23,4.1938
11/1/23,4.23786
11/2/23,4.31778
11/3/23,4.35834
11/6/23,4.36598
11/7/23,4.37838
11/8/23,4.38278
11/9/23,4.34735
11/10/23,4.41524
11/13/23,4.41155
11/14/23,4.4957
11/15/23,4.50288
11/16/23,4.50824
11/17/23,4.51402
11/20/23,4.54738
11/21/23,4.53819
11/22/23,4.55662
11/24/23,4.55934
11/27/23,4.55043
11/28/23,4.55489
11/29/23,4.55058
11/30/23,4.5678
12/1/23,4.59463
12/4/23,4.56978
12/5/23,4.56718
12/6/23,4.54934
12/7/23,4.58559
12/8/23,4.60437
12/11/23,4.62244
12/12/23,4.6437
12/13/23,4.70709
12/14/23,4.71955
12/15/23,4.71919
12/18/23,4.74056
12/19/23,4.76837
12/20/23,4.69835
12/21/23,4.74675
12/22/23,4.75463
12/26/23,4.77475
12/27/23,4.78158
12/28/23,4.78335
12/29/23,4.76983
1/2/24,4.74283
1/3/24,4.70481
1/4/24,4.68868
1/5/24,4.69724
1/8/24,4.76354
1/9/24,4.7565
1/10/24,4.78345
1/11/24,4.78024
1/12/24,4.78383
1/16/24,4.76598
1/17/24,4.73921
1/18/24,4.78094
1/19/24,4.83981
1/22/24,4.85043
1/23/24,4.8646
1/24/24,4.86855
1/25/24,4.89416
1/26/24,4.89097
1/29/24,4.92793
1/30/24,4.92497
1/31/24,4.84565
2/1/24,4.90619
2/2/24,4.95861
2/5/24,4.94281
2/6/24,4.95423
2/7/24,4.99506
2/8/24,4.99791
2/9/24,5.02661
2/12/24,5.02184
2/13/24,4.95317
2/14/24,5.00062
2/15/24,5.02973
2/16/24,5.00557
2/20/24,4.97551
2/21/24,4.9818
2/22/24,5.08703
2/23/24,5.0888
2/26/24,5.06953
2/27/24,5.07818
2/28/24,5.06976
2/29/24,5.09627
3/1/24,5.13708
3/4/24,5.13095
3/5/24,5.07865
3/6/24,5.10476
3/7/24,5.15736
3/8/24,5.12369
3/11/24,5.11794
3/12/24,5.17527
3/13/24,5.16531
3/14/24,5.15048
3/15/24,5.11709
3/18/24,5.14942
3/19/24,5.17851
3/20/24,5.22462
3/21/24,5.24153
3/22/24,5.23418
3/25/24,5.21819
3/26/24,5.20358
3/27/24,5.24849
3/28/24,5.25435
4/1/24,5.24377
4/2/24,5.20581
4/3/24,5.21149
4/4/24,5.14721
4/5/24,5.20434
4/8/24,5.20239
4/9/24,5.20991
4/10/24,5.16064
4/11/24,5.19906
4/12/24,5.12341
4/15/24,5.06182
4/16/24,5.05141
4/17/24,5.02221
4/18/24,5.01112
4/19/24,4.96723
4/22/24,5.0106
4/23/24,5.07055
4/24/24,5.07163
4/25/24,5.04842
4/26/24,5.09996
4/29/24,5.11617
4/30/24,5.03569
5/1/24,5.01839